{
  "version": "7",
  "dialect": "mysql",
  "entries": [
    {
      "idx": 0,
      "version": "5",
      "when": 1763372440610,
      "tag": "0000_elite_eternals",
      "breakpoints": true
    },
    {
      "idx": 1,
      "version": "5",
      "when": 1765931500000,
      "tag": "0001_add_event_tables",
      "breakpoints": true
    },
    {
      "idx": 2,
      "version": "5",
      "when": 1765931707131,
      "tag": "0002_amusing_next_avengers",
      "breakpoints": true
    },
    {
      "idx": 3,
      "version": "5",
      "when": 1766166121561,
      "tag": "0003_volatile_unicorn",
      "breakpoints": true
    },
    {
      "idx": 4,
      "version": "5",
      "when": 1766551761070,
      "tag": "0004_volatile_frog_thor",
      "breakpoints": true
    },
    {
      "idx": 5,
      "version": "5",
      "when": 1766554990063,
      "tag": "0005_deep_greymalkin",
      "breakpoints": true
    },
    {
      "idx": 6,
      "version": "5",
      "when": 1766611623509,
      "tag": "0006_awesome_pestilence",
      "breakpoints": true
    },
    {
      "idx": 7,
      "version": "5",
      "when": 1766622393787,
      "tag": "0007_unknown_silver_centurion",
      "breakpoints": true
    }
  ]
}